group, workerId, subj_id, block, stage, start, goal_original, goal, state_path, length, action_path, feature_path, reward_path, RTs, keys, valid_keys, RT_tot, reward, feature_shuffle, timestamp, datetime, check_fails
A,A1IFIK8J49WBER,1843977147389,0,train,1,[1 0],[0 1],1 2 3,3,2 3,[1 0];[4 0],0 0,1261 5409,97 98,0 1,6670,0,[1 0],1612122012.614,Sun Jan 31 2021 13:40:12 GMT-0600 (Central Standard Time),0
A,A1IFIK8J49WBER,1843977147389,0,train,1,[0 1],[1 0],1 2 3,3,1 2,[0 2];[3 2],0 3,1013 671 4533,99 98 99,1 2,6217,3,[1 0],1612122028.358,Sun Jan 31 2021 13:40:28 GMT-0600 (Central Standard Time),0
A,A1IFIK8J49WBER,1843977147389,0,train,1,[0 1],[1 0],1 2 3,3,1 1,[0 2];[0 3],0 0,1074 2867,98 97,0 1,3941,0,[1 0],1612122037.415,Sun Jan 31 2021 13:40:37 GMT-0600 (Central Standard Time),0
A,A1IFIK8J49WBER,1843977147389,0,train,1,[1 0],[0 1],1 2 3,3,1 1,[0 2];[0 3],2 3,671 2705,98 97,0 1,3376,5,[1 0],1612122044.367,Sun Jan 31 2021 13:40:44 GMT-0600 (Central Standard Time),0
A,A1IFIK8J49WBER,1843977147389,0,train,1,[1 0],[0 1],1 2 3,3,1 1,[0 2];[0 3],2 3,788 3190,98 97,0 1,3978,5,[1 0],1612122051.73,Sun Jan 31 2021 13:40:51 GMT-0600 (Central Standard Time),0
A,A1IFIK8J49WBER,1843977147389,0,train,1,[0 1],[1 0],1 2 3,3,1 3,[0 2];[4 0],0 4,681 7080,98 98,0 1,7761,4,[1 0],1612122063.835,Sun Jan 31 2021 13:41:03 GMT-0600 (Central Standard Time),0
A,A1IFIK8J49WBER,1843977147389,0,train,1,[0 1],[1 0],1 2 3,3,2 1,[1 0];[0 3],1 0,1825 3297,97 97,0 1,5122,1,[1 0],1612122072.13,Sun Jan 31 2021 13:41:12 GMT-0600 (Central Standard Time),0
A,A1IFIK8J49WBER,1843977147389,0,train,1,[1 0],[0 1],1 2 3,3,2 2,[1 0];[3 2],0 2,971 3817,97 99,0 1,4788,2,[1 0],1612122080.247,Sun Jan 31 2021 13:41:20 GMT-0600 (Central Standard Time),0
A,A1IFIK8J49WBER,1843977147389,0,train,1,[1 0],[0 1],1 2 3,3,1 1,[0 2];[0 3],2 3,2332 3867,98 97,0 1,6199,5,[1 0],1612122090.187,Sun Jan 31 2021 13:41:30 GMT-0600 (Central Standard Time),0
A,A1IFIK8J49WBER,1843977147389,0,train,1,[1 0],[0 1],1 2 3,3,2 1,[1 0];[0 3],0 3,1561 2878,97 97,0 1,4439,3,[1 0],1612122097.224,Sun Jan 31 2021 13:41:37 GMT-0600 (Central Standard Time),0
A,A1IFIK8J49WBER,1843977147389,0,train,1,[1 0],[0 1],1 2 3,3,1 1,[0 2];[0 3],2 3,1516 2612,98 97,0 1,4128,5,[1 0],1612122105.343,Sun Jan 31 2021 13:41:45 GMT-0600 (Central Standard Time),0
A,A1IFIK8J49WBER,1843977147389,0,train,1,[0 1],[1 0],1 2 3,3,2 3,[1 0];[4 0],1 4,1127 4470,97 98,0 1,5597,5,[1 0],1612122114.318,Sun Jan 31 2021 13:41:54 GMT-0600 (Central Standard Time),0
A,A1IFIK8J49WBER,1843977147389,0,train,1,[0 1],[1 0],1 2 3,3,2 3,[1 0];[4 0],1 4,1257 3482,97 98,0 1,4739,5,[1 0],1612122122.573,Sun Jan 31 2021 13:42:02 GMT-0600 (Central Standard Time),0
A,A1IFIK8J49WBER,1843977147389,0,train,1,[0 1],[1 0],1 2 3,3,2 3,[1 0];[4 0],1 4,790 3360,97 98,0 1,4150,5,[1 0],1612122130.968,Sun Jan 31 2021 13:42:10 GMT-0600 (Central Standard Time),0
A,A1IFIK8J49WBER,1843977147389,0,train,1,[0 1],[1 0],1 2 3,3,2 3,[1 0];[4 0],1 4,1408 2801,97 98,0 1,4209,5,[1 0],1612122138.187,Sun Jan 31 2021 13:42:18 GMT-0600 (Central Standard Time),0
A,A1IFIK8J49WBER,1843977147389,0,train,1,[1 0],[0 1],1 2 3,3,1 1,[0 2];[0 3],2 3,911 2854,98 97,0 1,3765,5,[1 0],1612122145.533,Sun Jan 31 2021 13:42:25 GMT-0600 (Central Standard Time),0
A,A1IFIK8J49WBER,1843977147389,0,train,1,[1 0],[0 1],1 2 3,3,1 1,[0 2];[0 3],2 3,1034 3148,98 97,0 1,4182,5,[1 0],1612122152.481,Sun Jan 31 2021 13:42:32 GMT-0600 (Central Standard Time),0
A,A1IFIK8J49WBER,1843977147389,0,train,1,[1 0],[0 1],1 2 3,3,1 1,[0 2];[0 3],2 3,776 2672,98 97,0 1,3448,5,[1 0],1612122159.537,Sun Jan 31 2021 13:42:39 GMT-0600 (Central Standard Time),0
A,A1IFIK8J49WBER,1843977147389,0,train,1,[0 1],[1 0],1 2 3,3,2 3,[1 0];[4 0],1 4,645 3448,97 98,0 1,4093,5,[1 0],1612122166.988,Sun Jan 31 2021 13:42:46 GMT-0600 (Central Standard Time),0
A,A1IFIK8J49WBER,1843977147389,0,train,1,[0 1],[1 0],1 2 3,3,2 3,[1 0];[4 0],1 4,560 2146,97 98,0 1,2706,5,[1 0],1612122173.223,Sun Jan 31 2021 13:42:53 GMT-0600 (Central Standard Time),0
A,A1IFIK8J49WBER,1843977147389,0,test,1,[1 1],[1 1],1 2 3,3,2 3,[1 0];[4 0],1 4,879 2990,97 98,0 1,3869,5,[1 0],1612122181.468,Sun Jan 31 2021 13:43:01 GMT-0600 (Central Standard Time),0
A,A1IFIK8J49WBER,1843977147389,1,train,1,[1 0],[1 0],1 2 3,3,2 1,[0 1];[3 0],0 3,973 5127,97 98,0 1,6100,3,[0 1],1612122197.668,Sun Jan 31 2021 13:43:17 GMT-0600 (Central Standard Time),0
A,A1IFIK8J49WBER,1843977147389,1,train,1,[0 1],[0 1],1 2 3,3,2 3,[0 1];[0 4],1 4,728 3051,97 97,0 1,3779,5,[0 1],1612122207.381,Sun Jan 31 2021 13:43:27 GMT-0600 (Central Standard Time),0
A,A1IFIK8J49WBER,1843977147389,1,train,1,[1 0],[1 0],1 2 3,3,1 1,[2 0];[3 0],2 3,683 2883,98 98,0 1,3566,5,[0 1],1612122215.136,Sun Jan 31 2021 13:43:35 GMT-0600 (Central Standard Time),0
A,A1IFIK8J49WBER,1843977147389,1,train,1,[1 0],[1 0],1 2 3,3,1 1,[2 0];[3 0],2 3,727 2633,98 98,0 1,3360,5,[0 1],1612122221.477,Sun Jan 31 2021 13:43:41 GMT-0600 (Central Standard Time),0
A,A1IFIK8J49WBER,1843977147389,1,train,1,[1 0],[1 0],1 2 3,3,1 1,[2 0];[3 0],2 3,1120 2348,98 98,0 1,3468,5,[0 1],1612122228.748,Sun Jan 31 2021 13:43:48 GMT-0600 (Central Standard Time),0
A,A1IFIK8J49WBER,1843977147389,1,train,1,[1 0],[1 0],1 2 3,3,1 1,[2 0];[3 0],2 3,577 2604,98 98,0 1,3181,5,[0 1],1612122235.316,Sun Jan 31 2021 13:43:55 GMT-0600 (Central Standard Time),0
A,A1IFIK8J49WBER,1843977147389,1,train,1,[0 1],[0 1],1 2 3,3,2 3,[0 1];[0 4],1 4,610 2393,97 97,0 1,3003,5,[0 1],1612122242.534,Sun Jan 31 2021 13:44:02 GMT-0600 (Central Standard Time),0
A,A1IFIK8J49WBER,1843977147389,1,train,1,[0 1],[0 1],1 2 3,3,2 3,[0 1];[0 4],1 4,596 2228,97 97,0 1,2824,5,[0 1],1612122248.945,Sun Jan 31 2021 13:44:08 GMT-0600 (Central Standard Time),0
A,A1IFIK8J49WBER,1843977147389,1,train,1,[0 1],[0 1],1 2 3,3,2 3,[0 1];[0 4],1 4,690 2391,97 97,0 1,3081,5,[0 1],1612122257.031,Sun Jan 31 2021 13:44:17 GMT-0600 (Central Standard Time),0
A,A1IFIK8J49WBER,1843977147389,1,train,1,[1 0],[1 0],1 2 3,3,1 3,[2 0];[0 4],2 0,1028 2435,98 97,0 1,3463,2,[0 1],1612122264.49,Sun Jan 31 2021 13:44:24 GMT-0600 (Central Standard Time),0
A,A1IFIK8J49WBER,1843977147389,1,train,1,[1 0],[1 0],1 2 3,3,1 1,[2 0];[3 0],2 3,3800 2127,98 98,0 1,5927,5,[0 1],1612122273.678,Sun Jan 31 2021 13:44:33 GMT-0600 (Central Standard Time),0
A,A1IFIK8J49WBER,1843977147389,1,train,1,[0 1],[0 1],1 2 3,3,2 3,[0 1];[0 4],1 4,643 3324,97 97,0 1,3967,5,[0 1],1612122282.057,Sun Jan 31 2021 13:44:42 GMT-0600 (Central Standard Time),0
A,A1IFIK8J49WBER,1843977147389,1,train,1,[1 0],[1 0],1 2 3,3,1 1,[2 0];[3 0],2 3,834 2504,98 98,0 1,3338,5,[0 1],1612122289.579,Sun Jan 31 2021 13:44:49 GMT-0600 (Central Standard Time),0
A,A1IFIK8J49WBER,1843977147389,1,train,1,[0 1],[0 1],1 2 3,3,2 3,[0 1];[0 4],1 4,3021 3992,97 97,0 1,7013,5,[0 1],1612122300.14,Sun Jan 31 2021 13:45:00 GMT-0600 (Central Standard Time),0
A,A1IFIK8J49WBER,1843977147389,1,train,1,[0 1],[0 1],1 2 3,3,2 3,[0 1];[0 4],1 4,2264 2472,97 97,0 1,4736,5,[0 1],1612122309.541,Sun Jan 31 2021 13:45:09 GMT-0600 (Central Standard Time),0
A,A1IFIK8J49WBER,1843977147389,1,train,1,[0 1],[0 1],1 2 3,3,2 3,[0 1];[0 4],1 4,768 2515,97 97,0 1,3283,5,[0 1],1612122316.677,Sun Jan 31 2021 13:45:16 GMT-0600 (Central Standard Time),0
A,A1IFIK8J49WBER,1843977147389,1,train,1,[1 0],[1 0],1 2 3,3,1 1,[2 0];[3 0],2 3,538 2334,98 98,0 1,2872,5,[0 1],1612122323.125,Sun Jan 31 2021 13:45:23 GMT-0600 (Central Standard Time),0
A,A1IFIK8J49WBER,1843977147389,1,train,1,[0 1],[0 1],1 2 3,3,2 3,[0 1];[0 4],1 4,614 3149,97 97,0 1,3763,5,[0 1],1612122330.307,Sun Jan 31 2021 13:45:30 GMT-0600 (Central Standard Time),0
A,A1IFIK8J49WBER,1843977147389,1,train,1,[0 1],[0 1],1 2 3,3,2 3,[0 1];[0 4],1 4,491 2196,97 97,0 1,2687,5,[0 1],1612122336.039,Sun Jan 31 2021 13:45:36 GMT-0600 (Central Standard Time),0
A,A1IFIK8J49WBER,1843977147389,1,train,1,[1 0],[1 0],1 2 3,3,1 1,[2 0];[3 0],2 3,1159 2406,98 98,0 1,3565,5,[0 1],1612122343.588,Sun Jan 31 2021 13:45:43 GMT-0600 (Central Standard Time),0
A,A1IFIK8J49WBER,1843977147389,1,test,1,[1 1],[1 1],1 2 3,3,1 2,[2 0];[2 3],2 5,2587 2675,98 99,0 1,5262,7,[0 1],1612122354.662,Sun Jan 31 2021 13:45:54 GMT-0600 (Central Standard Time),0
A,A1IFIK8J49WBER,1843977147389,2,train,1,[0 1],[1 0],1 2 3,3,2 1,[1 0];[0 3],1 0,916 3723,97 99,0 1,4639,1,[1 0],1612122370.069,Sun Jan 31 2021 13:46:10 GMT-0600 (Central Standard Time),0
A,A1IFIK8J49WBER,1843977147389,2,train,1,[1 0],[0 1],1 2 3,3,1 1,[0 2];[0 3],2 3,1464 3289,98 99,0 1,4753,5,[1 0],1612122379.327,Sun Jan 31 2021 13:46:19 GMT-0600 (Central Standard Time),0
A,A1IFIK8J49WBER,1843977147389,2,train,1,[1 0],[0 1],1 2 3,3,1 1,[0 2];[0 3],2 3,822 3329,98 99,0 1,4151,5,[1 0],1612122386.677,Sun Jan 31 2021 13:46:26 GMT-0600 (Central Standard Time),0
A,A1IFIK8J49WBER,1843977147389,2,train,1,[1 0],[0 1],1 2 3,3,1 1,[0 2];[0 3],2 3,730 2553,98 99,0 1,3283,5,[1 0],1612122393.129,Sun Jan 31 2021 13:46:33 GMT-0600 (Central Standard Time),0
A,A1IFIK8J49WBER,1843977147389,2,train,1,[0 1],[1 0],1 2 3,3,2 2,[1 0];[3 2],1 3,538 2445,97 97,0 1,2983,4,[1 0],1612122401.013,Sun Jan 31 2021 13:46:41 GMT-0600 (Central Standard Time),0
A,A1IFIK8J49WBER,1843977147389,2,train,1,[0 1],[1 0],1 2 3,3,2 3,[1 0];[4 0],1 4,1271 2350,97 98,0 1,3621,5,[1 0],1612122408.654,Sun Jan 31 2021 13:46:48 GMT-0600 (Central Standard Time),0
A,A1IFIK8J49WBER,1843977147389,2,train,1,[1 0],[0 1],1 2 3,3,1 1,[0 2];[0 3],2 3,933 2069,98 99,0 1,3002,5,[1 0],1612122415.415,Sun Jan 31 2021 13:46:55 GMT-0600 (Central Standard Time),0
A,A1IFIK8J49WBER,1843977147389,2,train,1,[1 0],[0 1],1 2 3,3,1 1,[0 2];[0 3],2 3,810 3115,98 99,0 1,3925,5,[1 0],1612122423.201,Sun Jan 31 2021 13:47:03 GMT-0600 (Central Standard Time),0
A,A1IFIK8J49WBER,1843977147389,2,train,1,[1 0],[0 1],1 2 3,3,1 1,[0 2];[0 3],2 3,665 2493,98 99,0 1,3158,5,[1 0],1612122429.753,Sun Jan 31 2021 13:47:09 GMT-0600 (Central Standard Time),0
A,A1IFIK8J49WBER,1843977147389,2,train,1,[1 0],[0 1],1 2 3,3,1 1,[0 2];[0 3],2 3,550 2166,98 99,0 1,2716,5,[1 0],1612122435.945,Sun Jan 31 2021 13:47:15 GMT-0600 (Central Standard Time),0
A,A1IFIK8J49WBER,1843977147389,2,train,1,[0 1],[1 0],1 2 3,3,2 2,[1 0];[3 2],1 3,466 3204,97 97,0 1,3670,4,[1 0],1612122444.118,Sun Jan 31 2021 13:47:24 GMT-0600 (Central Standard Time),0
A,A1IFIK8J49WBER,1843977147389,2,train,1,[0 1],[1 0],1 2 3,3,2 3,[1 0];[4 0],1 4,745 1993,97 98,0 1,2738,5,[1 0],1612122450.449,Sun Jan 31 2021 13:47:30 GMT-0600 (Central Standard Time),0
A,A1IFIK8J49WBER,1843977147389,2,train,1,[0 1],[1 0],1 2 3,3,2 3,[1 0];[4 0],1 4,586 1979,97 98,0 1,2565,5,[1 0],1612122455.568,Sun Jan 31 2021 13:47:35 GMT-0600 (Central Standard Time),0
A,A1IFIK8J49WBER,1843977147389,2,train,1,[1 0],[0 1],1 2 3,3,1 1,[0 2];[0 3],2 3,510 1996,98 99,0 1,2506,5,[1 0],1612122462.125,Sun Jan 31 2021 13:47:42 GMT-0600 (Central Standard Time),0
A,A1IFIK8J49WBER,1843977147389,2,train,1,[0 1],[1 0],1 2 3,3,2 3,[1 0];[4 0],1 4,546 2352,97 98,0 1,2898,5,[1 0],1612122467.891,Sun Jan 31 2021 13:47:47 GMT-0600 (Central Standard Time),0
A,A1IFIK8J49WBER,1843977147389,2,train,1,[1 0],[0 1],1 2 3,3,1 1,[0 2];[0 3],2 3,567 2206,98 99,0 1,2773,5,[1 0],1612122474.432,Sun Jan 31 2021 13:47:54 GMT-0600 (Central Standard Time),0
A,A1IFIK8J49WBER,1843977147389,2,train,1,[1 0],[0 1],1 2 3,3,1 2,[0 2];[3 2],2 2,863 2190,98 97,0 1,3053,4,[1 0],1612122483.61,Sun Jan 31 2021 13:48:03 GMT-0600 (Central Standard Time),0
A,A1IFIK8J49WBER,1843977147389,2,train,1,[0 1],[1 0],1 2 3,3,2 3,[1 0];[4 0],1 4,1893 2430,97 98,0 1,4323,5,[1 0],1612122491.146,Sun Jan 31 2021 13:48:11 GMT-0600 (Central Standard Time),0
A,A1IFIK8J49WBER,1843977147389,2,train,1,[0 1],[1 0],1 2 3,3,2 3,[1 0];[4 0],1 4,573 2056,97 98,0 1,2629,5,[1 0],1612122496.336,Sun Jan 31 2021 13:48:16 GMT-0600 (Central Standard Time),0
A,A1IFIK8J49WBER,1843977147389,2,train,1,[0 1],[1 0],1 2 3,3,2 3,[1 0];[4 0],1 4,550 2006,97 98,0 1,2556,5,[1 0],1612122502.059,Sun Jan 31 2021 13:48:22 GMT-0600 (Central Standard Time),0
A,A1IFIK8J49WBER,1843977147389,2,test,1,[1 1],[1 1],1 2 3,3,1 2,[0 2];[3 2],2 5,503 4870,98 97,0 1,5373,7,[1 0],1612122512.808,Sun Jan 31 2021 13:48:32 GMT-0600 (Central Standard Time),0
A,A1IFIK8J49WBER,1843977147389,3,train,1,[0 1],[0 1],1 2 3,3,1 3,[2 0];[0 4],0 4,824 3657,97 97,0 1,4481,4,[0 1],1612122524.896,Sun Jan 31 2021 13:48:44 GMT-0600 (Central Standard Time),0
A,A1IFIK8J49WBER,1843977147389,3,train,1,[1 0],[1 0],1 2 3,3,1 2,[2 0];[2 3],2 2,579 2776,97 98,0 1,3355,4,[0 1],1612122532.281,Sun Jan 31 2021 13:48:52 GMT-0600 (Central Standard Time),0
A,A1IFIK8J49WBER,1843977147389,3,train,1,[1 0],[1 0],1 2 3,3,1 1,[2 0];[3 0],2 3,464 2477,97 99,0 1,2941,5,[0 1],1612122539.43,Sun Jan 31 2021 13:48:59 GMT-0600 (Central Standard Time),0
A,A1IFIK8J49WBER,1843977147389,3,train,1,[1 0],[1 0],1 2 3,3,1 1,[2 0];[3 0],2 3,472 2093,97 99,0 1,2565,5,[0 1],1612122545.818,Sun Jan 31 2021 13:49:05 GMT-0600 (Central Standard Time),0
A,A1IFIK8J49WBER,1843977147389,3,train,1,[0 1],[0 1],1 2 3,3,2 3,[0 1];[0 4],1 4,789 2316,98 97,0 1,3105,5,[0 1],1612122552.279,Sun Jan 31 2021 13:49:12 GMT-0600 (Central Standard Time),0
A,A1IFIK8J49WBER,1843977147389,3,train,1,[1 0],[1 0],1 2 3,3,2 2,[0 1];[2 3],0 2,720 4701,98 98,0 1,5421,2,[0 1],1612122561.733,Sun Jan 31 2021 13:49:21 GMT-0600 (Central Standard Time),0
A,A1IFIK8J49WBER,1843977147389,3,train,1,[0 1],[0 1],1 2 3,3,2 1,[0 1];[3 0],1 0,1394 2197,98 99,0 1,3591,1,[0 1],1612122568.989,Sun Jan 31 2021 13:49:28 GMT-0600 (Central Standard Time),0
A,A1IFIK8J49WBER,1843977147389,3,train,1,[0 1],[0 1],1 2 3,3,2 3,[0 1];[0 4],1 4,1285 1975,98 97,0 1,3260,5,[0 1],1612122575.061,Sun Jan 31 2021 13:49:35 GMT-0600 (Central Standard Time),0
A,A1IFIK8J49WBER,1843977147389,3,train,1,[0 1],[0 1],1 2 3,3,2 3,[0 1];[0 4],1 4,770 2061,98 97,0 1,2831,5,[0 1],1612122580.908,Sun Jan 31 2021 13:49:40 GMT-0600 (Central Standard Time),0
A,A1IFIK8J49WBER,1843977147389,3,train,1,[1 0],[1 0],1 2 3,3,1 1,[2 0];[3 0],2 3,677 2222,97 99,0 1,2899,5,[0 1],1612122587.63,Sun Jan 31 2021 13:49:47 GMT-0600 (Central Standard Time),0
A,A1IFIK8J49WBER,1843977147389,3,train,1,[0 1],[0 1],1 2 3,3,2 3,[0 1];[0 4],1 4,1436 2275,98 97,0 1,3711,5,[0 1],1612122594.339,Sun Jan 31 2021 13:49:54 GMT-0600 (Central Standard Time),0
A,A1IFIK8J49WBER,1843977147389,3,train,1,[1 0],[1 0],1 2 3,3,1 1,[2 0];[3 0],2 3,2965 2219,97 99,0 1,5184,5,[0 1],1612122602.958,Sun Jan 31 2021 13:50:02 GMT-0600 (Central Standard Time),0
A,A1IFIK8J49WBER,1843977147389,3,train,1,[0 1],[0 1],1 2 3,3,2 3,[0 1];[0 4],1 4,1010 2049,98 97,0 1,3059,5,[0 1],1612122608.935,Sun Jan 31 2021 13:50:08 GMT-0600 (Central Standard Time),0
A,A1IFIK8J49WBER,1843977147389,3,train,1,[1 0],[1 0],1 2 3,3,1 1,[2 0];[3 0],2 3,746 2001,97 99,0 1,2747,5,[0 1],1612122614.957,Sun Jan 31 2021 13:50:14 GMT-0600 (Central Standard Time),0
A,A1IFIK8J49WBER,1843977147389,3,train,1,[1 0],[1 0],1 2 3,3,1 1,[2 0];[3 0],2 3,743 2014,97 99,0 1,2757,5,[0 1],1612122622.474,Sun Jan 31 2021 13:50:22 GMT-0600 (Central Standard Time),0
A,A1IFIK8J49WBER,1843977147389,3,train,1,[0 1],[0 1],1 2 3,3,2 3,[0 1];[0 4],1 4,474 2016,98 97,0 1,2490,5,[0 1],1612122628.726,Sun Jan 31 2021 13:50:28 GMT-0600 (Central Standard Time),0
A,A1IFIK8J49WBER,1843977147389,3,train,1,[1 0],[1 0],1 2 3,3,1 1,[2 0];[3 0],2 3,813 2041,97 99,0 1,2854,5,[0 1],1612122635.696,Sun Jan 31 2021 13:50:35 GMT-0600 (Central Standard Time),0
A,A1IFIK8J49WBER,1843977147389,3,train,1,[0 1],[0 1],1 2 3,3,2 3,[0 1];[0 4],1 4,843 2299,98 97,0 1,3142,5,[0 1],1612122641.449,Sun Jan 31 2021 13:50:41 GMT-0600 (Central Standard Time),0
A,A1IFIK8J49WBER,1843977147389,3,train,1,[1 0],[1 0],1 2 3,3,1 1,[2 0];[3 0],2 3,829 1952,97 99,0 1,2781,5,[0 1],1612122647.644,Sun Jan 31 2021 13:50:47 GMT-0600 (Central Standard Time),0
A,A1IFIK8J49WBER,1843977147389,3,train,1,[0 1],[0 1],1 2 3,3,2 3,[0 1];[0 4],1 4,808 2646,98 97,0 1,3454,5,[0 1],1612122654.813,Sun Jan 31 2021 13:50:54 GMT-0600 (Central Standard Time),0
A,A1IFIK8J49WBER,1843977147389,3,test,1,[1 1],[1 1],1 2 3,3,1 2,[2 0];[2 3],2 5,434 2196,97 98,0 1,2630,7,[0 1],1612122662.529,Sun Jan 31 2021 13:51:02 GMT-0600 (Central Standard Time),0
A,A1IFIK8J49WBER,1843977147389,4,train,1,[1 0],[0 1],1 2 3,3,1 3,[0 2];[4 0],2 0,646 4851,97 98,0 1,5497,2,[1 0],1612122676.744,Sun Jan 31 2021 13:51:16 GMT-0600 (Central Standard Time),0
A,A1IFIK8J49WBER,1843977147389,4,train,1,[0 1],[1 0],1 2 3,3,2 3,[1 0];[4 0],1 4,2565 2367,98 98,0 1,4932,5,[1 0],1612122684.828,Sun Jan 31 2021 13:51:24 GMT-0600 (Central Standard Time),0
A,A1IFIK8J49WBER,1843977147389,4,train,1,[1 0],[0 1],1 2 3,3,1 1,[0 2];[0 3],2 3,439 2537,97 97,0 1,2976,5,[1 0],1612122692.231,Sun Jan 31 2021 13:51:32 GMT-0600 (Central Standard Time),0
A,A1IFIK8J49WBER,1843977147389,4,train,1,[0 1],[1 0],1 2 3,3,2 3,[1 0];[4 0],1 4,1228 2072,98 98,0 1,3300,5,[1 0],1612122699.157,Sun Jan 31 2021 13:51:39 GMT-0600 (Central Standard Time),0
A,A1IFIK8J49WBER,1843977147389,4,train,1,[1 0],[0 1],1 2 3,3,1 1,[0 2];[0 3],2 3,480 2582,97 97,0 1,3062,5,[1 0],1612122707.805,Sun Jan 31 2021 13:51:47 GMT-0600 (Central Standard Time),0
A,A1IFIK8J49WBER,1843977147389,4,train,1,[0 1],[1 0],1 2 3,3,2 2,[1 0];[3 2],1 3,1095 4485,98 99,0 1,5580,4,[1 0],1612122718.601,Sun Jan 31 2021 13:51:58 GMT-0600 (Central Standard Time),0
A,A1IFIK8J49WBER,1843977147389,4,train,1,[0 1],[1 0],1 2 3,3,2 3,[1 0];[4 0],1 4,636 2764,98 98,0 1,3400,5,[1 0],1612122726.195,Sun Jan 31 2021 13:52:06 GMT-0600 (Central Standard Time),0
A,A1IFIK8J49WBER,1843977147389,4,train,1,[1 0],[0 1],1 2 3,3,1 1,[0 2];[0 3],2 3,515 2702,97 97,0 1,3217,5,[1 0],1612122732.538,Sun Jan 31 2021 13:52:12 GMT-0600 (Central Standard Time),0
A,A1IFIK8J49WBER,1843977147389,4,train,1,[0 1],[1 0],1 2 3,3,2 3,[1 0];[4 0],1 4,684 2148,98 98,0 1,2832,5,[1 0],1612122738.346,Sun Jan 31 2021 13:52:18 GMT-0600 (Central Standard Time),0
A,A1IFIK8J49WBER,1843977147389,4,train,1,[0 1],[1 0],1 2 3,3,2 3,[1 0];[4 0],1 4,858 2074,98 98,0 1,2932,5,[1 0],1612122744.78,Sun Jan 31 2021 13:52:24 GMT-0600 (Central Standard Time),0
A,A1IFIK8J49WBER,1843977147389,4,train,1,[1 0],[0 1],1 2 3,3,1 1,[0 2];[0 3],2 3,599 2402,97 97,0 1,3001,5,[1 0],1612122751.182,Sun Jan 31 2021 13:52:31 GMT-0600 (Central Standard Time),0
A,A1IFIK8J49WBER,1843977147389,4,train,1,[1 0],[0 1],1 2 3,3,1 1,[0 2];[0 3],2 3,419 2083,97 97,0 1,2502,5,[1 0],1612122756.977,Sun Jan 31 2021 13:52:36 GMT-0600 (Central Standard Time),0
A,A1IFIK8J49WBER,1843977147389,4,train,1,[0 1],[1 0],1 2 3,3,2 3,[1 0];[4 0],1 4,384 1870,98 98,0 1,2254,5,[1 0],1612122762.477,Sun Jan 31 2021 13:52:42 GMT-0600 (Central Standard Time),0
A,A1IFIK8J49WBER,1843977147389,4,train,1,[0 1],[1 0],1 2 3,3,2 3,[1 0];[4 0],1 4,642 1873,98 98,0 1,2515,5,[1 0],1612122768.043,Sun Jan 31 2021 13:52:48 GMT-0600 (Central Standard Time),0
A,A1IFIK8J49WBER,1843977147389,4,train,1,[1 0],[0 1],1 2 3,3,1 1,[0 2];[0 3],2 3,308 1962,97 97,0 1,2270,5,[1 0],1612122773.858,Sun Jan 31 2021 13:52:53 GMT-0600 (Central Standard Time),0
A,A1IFIK8J49WBER,1843977147389,4,train,1,[1 0],[0 1],1 2 3,3,1 1,[0 2];[0 3],2 3,403 2156,97 97,0 1,2559,5,[1 0],1612122780.446,Sun Jan 31 2021 13:53:00 GMT-0600 (Central Standard Time),0
A,A1IFIK8J49WBER,1843977147389,4,train,1,[1 0],[0 1],1 2 3,3,1 1,[0 2];[0 3],2 3,406 3390,97 97,0 1,3796,5,[1 0],1612122787.257,Sun Jan 31 2021 13:53:07 GMT-0600 (Central Standard Time),0
A,A1IFIK8J49WBER,1843977147389,4,train,1,[0 1],[1 0],1 2 3,3,2 3,[1 0];[4 0],1 4,565 2082,98 98,0 1,2647,5,[1 0],1612122793.015,Sun Jan 31 2021 13:53:13 GMT-0600 (Central Standard Time),0
A,A1IFIK8J49WBER,1843977147389,4,train,1,[0 1],[1 0],1 2 3,3,2 3,[1 0];[4 0],1 4,512 1954,98 98,0 1,2466,5,[1 0],1612122799.051,Sun Jan 31 2021 13:53:19 GMT-0600 (Central Standard Time),0
A,A1IFIK8J49WBER,1843977147389,4,train,1,[1 0],[0 1],1 2 3,3,1 1,[0 2];[0 3],2 3,364 1919,97 97,0 1,2283,5,[1 0],1612122805.063,Sun Jan 31 2021 13:53:25 GMT-0600 (Central Standard Time),0
A,A1IFIK8J49WBER,1843977147389,4,test,1,[1 1],[1 1],1 2 3,3,2 3,[1 0];[4 0],1 4,416 2166,98 98,0 1,2582,5,[1 0],1612122810.808,Sun Jan 31 2021 13:53:30 GMT-0600 (Central Standard Time),0
A,A1IFIK8J49WBER,1843977147389,5,train,1,[0 1],[1 0],1 2 3,3,2 3,[1 0];[4 0],1 4,1012 3160,98 98,0 1,4172,5,[1 0],1612122821.925,Sun Jan 31 2021 13:53:41 GMT-0600 (Central Standard Time),0
A,A1IFIK8J49WBER,1843977147389,5,train,1,[1 0],[0 1],1 2 3,3,1 1,[0 2];[0 3],2 3,772 2497,97 97,0 1,3269,5,[1 0],1612122828.857,Sun Jan 31 2021 13:53:48 GMT-0600 (Central Standard Time),0
A,A1IFIK8J49WBER,1843977147389,5,train,1,[1 0],[0 1],1 2 3,3,1 1,[0 2];[0 3],2 3,444 2470,97 97,0 1,2914,5,[1 0],1612122834.932,Sun Jan 31 2021 13:53:54 GMT-0600 (Central Standard Time),0
A,A1IFIK8J49WBER,1843977147389,5,train,1,[1 0],[0 1],1 2 3,3,1 1,[0 2];[0 3],2 3,461 2283,97 97,0 1,2744,5,[1 0],1612122840.951,Sun Jan 31 2021 13:54:00 GMT-0600 (Central Standard Time),0
A,A1IFIK8J49WBER,1843977147389,5,train,1,[1 0],[0 1],1 2 3,3,1 1,[0 2];[0 3],2 3,471 1948,97 97,0 1,2419,5,[1 0],1612122846.872,Sun Jan 31 2021 13:54:06 GMT-0600 (Central Standard Time),0
A,A1IFIK8J49WBER,1843977147389,5,train,1,[1 0],[0 1],1 2 3,3,1 1,[0 2];[0 3],2 3,568 1920,97 97,0 1,2488,5,[1 0],1612122852.824,Sun Jan 31 2021 13:54:12 GMT-0600 (Central Standard Time),0
A,A1IFIK8J49WBER,1843977147389,5,train,1,[0 1],[1 0],1 2 3,3,2 3,[1 0];[4 0],1 4,470 2060,98 98,0 1,2530,5,[1 0],1612122859.748,Sun Jan 31 2021 13:54:19 GMT-0600 (Central Standard Time),0
A,A1IFIK8J49WBER,1843977147389,5,train,1,[1 0],[0 1],1 2 3,3,1 1,[0 2];[0 3],2 3,717 3252,97 97,0 1,3969,5,[1 0],1612122866.608,Sun Jan 31 2021 13:54:26 GMT-0600 (Central Standard Time),0
A,A1IFIK8J49WBER,1843977147389,5,train,1,[1 0],[0 1],1 2 3,3,1 1,[0 2];[0 3],2 3,474 3898,97 97,0 1,4372,5,[1 0],1612122874.297,Sun Jan 31 2021 13:54:34 GMT-0600 (Central Standard Time),0
A,A1IFIK8J49WBER,1843977147389,5,train,1,[0 1],[1 0],1 2 3,3,2 3,[1 0];[4 0],1 4,554 2332,98 98,0 1,2886,5,[1 0],1612122880.582,Sun Jan 31 2021 13:54:40 GMT-0600 (Central Standard Time),0
A,A1IFIK8J49WBER,1843977147389,5,train,1,[0 1],[1 0],1 2 3,3,2 3,[1 0];[4 0],1 4,603 2813,98 98,0 1,3416,5,[1 0],1612122890.156,Sun Jan 31 2021 13:54:50 GMT-0600 (Central Standard Time),0
A,A1IFIK8J49WBER,1843977147389,5,train,1,[0 1],[1 0],1 2 3,3,2 3,[1 0];[4 0],1 4,536 2124,98 98,0 1,2660,5,[1 0],1612122895.802,Sun Jan 31 2021 13:54:55 GMT-0600 (Central Standard Time),0
A,A1IFIK8J49WBER,1843977147389,5,train,1,[0 1],[1 0],1 2 3,3,2 3,[1 0];[4 0],1 4,565 2342,98 98,0 1,2907,5,[1 0],1612122902.073,Sun Jan 31 2021 13:55:02 GMT-0600 (Central Standard Time),0
A,A1IFIK8J49WBER,1843977147389,5,train,1,[1 0],[0 1],1 2 3,3,1 1,[0 2];[0 3],2 3,340 3023,97 97,0 1,3363,5,[1 0],1612122910.824,Sun Jan 31 2021 13:55:10 GMT-0600 (Central Standard Time),0
A,A1IFIK8J49WBER,1843977147389,5,train,1,[0 1],[1 0],1 2 3,3,2 3,[1 0];[4 0],1 4,481 2298,98 98,0 1,2779,5,[1 0],1612122917.205,Sun Jan 31 2021 13:55:17 GMT-0600 (Central Standard Time),0
A,A1IFIK8J49WBER,1843977147389,5,train,1,[0 1],[1 0],1 2 3,3,2 3,[1 0];[4 0],1 4,527 2695,98 98,0 1,3222,5,[1 0],1612122923.561,Sun Jan 31 2021 13:55:23 GMT-0600 (Central Standard Time),0
A,A1IFIK8J49WBER,1843977147389,5,train,1,[1 0],[0 1],1 2 3,3,1 1,[0 2];[0 3],2 3,379 2336,97 97,0 1,2715,5,[1 0],1612122931.65,Sun Jan 31 2021 13:55:31 GMT-0600 (Central Standard Time),0
A,A1IFIK8J49WBER,1843977147389,5,train,1,[0 1],[1 0],1 2 3,3,2 3,[1 0];[4 0],1 4,422 2251,98 98,0 1,2673,5,[1 0],1612122938.01,Sun Jan 31 2021 13:55:38 GMT-0600 (Central Standard Time),0
A,A1IFIK8J49WBER,1843977147389,5,train,1,[1 0],[0 1],1 2 3,3,1 1,[0 2];[0 3],2 3,387 2062,97 97,0 1,2449,5,[1 0],1612122943.838,Sun Jan 31 2021 13:55:43 GMT-0600 (Central Standard Time),0
A,A1IFIK8J49WBER,1843977147389,5,train,1,[0 1],[1 0],1 2 3,3,2 3,[1 0];[4 0],1 4,382 2413,98 98,0 1,2795,5,[1 0],1612122950.245,Sun Jan 31 2021 13:55:50 GMT-0600 (Central Standard Time),0
A,A1IFIK8J49WBER,1843977147389,5,test,1,[1 1],[1 1],1 2 3,3,1 2,[0 2];[3 2],2 5,532 2332,97 99,0 1,2864,7,[1 0],1612122960.567,Sun Jan 31 2021 13:56:00 GMT-0600 (Central Standard Time),0
A,A1IFIK8J49WBER,1843977147389,6,train,1,[1 0],[0 1],1 2 3,3,2 3,[1 0];[4 0],0 0,759 3028,97 97,0 1,3787,0,[1 0],1612122972.715,Sun Jan 31 2021 13:56:12 GMT-0600 (Central Standard Time),0
A,A1IFIK8J49WBER,1843977147389,6,train,1,[0 1],[1 0],1 2 3,3,2 3,[1 0];[4 0],1 4,1466 2036,97 97,0 1,3502,5,[1 0],1612122979.153,Sun Jan 31 2021 13:56:19 GMT-0600 (Central Standard Time),0
A,A1IFIK8J49WBER,1843977147389,6,train,1,[1 0],[0 1],1 2 3,3,1 2,[0 2];[3 2],2 2,470 2236,98 98,0 1,2706,4,[1 0],1612122985.832,Sun Jan 31 2021 13:56:25 GMT-0600 (Central Standard Time),0
A,A1IFIK8J49WBER,1843977147389,6,train,1,[0 1],[1 0],1 2 3,3,2 3,[1 0];[4 0],1 4,405 1961,97 97,0 1,2366,5,[1 0],1612122992.236,Sun Jan 31 2021 13:56:32 GMT-0600 (Central Standard Time),0
A,A1IFIK8J49WBER,1843977147389,6,train,1,[0 1],[1 0],1 2 3,3,2 3,[1 0];[4 0],1 4,487 2298,97 97,0 1,2785,5,[1 0],1612122997.876,Sun Jan 31 2021 13:56:37 GMT-0600 (Central Standard Time),0
A,A1IFIK8J49WBER,1843977147389,6,train,1,[1 0],[0 1],1 2 3,3,1 1,[0 2];[0 3],2 3,505 2043,98 99,0 1,2548,5,[1 0],1612123003.786,Sun Jan 31 2021 13:56:43 GMT-0600 (Central Standard Time),0
A,A1IFIK8J49WBER,1843977147389,6,train,1,[1 0],[0 1],1 2 3,3,1 1,[0 2];[0 3],2 3,438 2101,98 99,0 1,2539,5,[1 0],1612123009.668,Sun Jan 31 2021 13:56:49 GMT-0600 (Central Standard Time),0
A,A1IFIK8J49WBER,1843977147389,6,train,1,[0 1],[1 0],1 2 3,3,2 3,[1 0];[4 0],1 4,389 2124,97 97,0 1,2513,5,[1 0],1612123016.75,Sun Jan 31 2021 13:56:56 GMT-0600 (Central Standard Time),0
A,A1IFIK8J49WBER,1843977147389,6,train,1,[1 0],[0 1],1 2 3,3,1 1,[0 2];[0 3],2 3,404 1859,98 99,0 1,2263,5,[1 0],1612123022.577,Sun Jan 31 2021 13:57:02 GMT-0600 (Central Standard Time),0
A,A1IFIK8J49WBER,1843977147389,6,train,1,[0 1],[1 0],1 2 3,3,2 3,[1 0];[4 0],1 4,555 2389,97 97,0 1,2944,5,[1 0],1612123028.547,Sun Jan 31 2021 13:57:08 GMT-0600 (Central Standard Time),0
A,A1IFIK8J49WBER,1843977147389,6,train,1,[1 0],[0 1],1 2 3,3,1 1,[0 2];[0 3],2 3,502 1945,98 99,0 1,2447,5,[1 0],1612123034.192,Sun Jan 31 2021 13:57:14 GMT-0600 (Central Standard Time),0
A,A1IFIK8J49WBER,1843977147389,6,train,1,[1 0],[0 1],1 2 3,3,1 1,[0 2];[0 3],2 3,412 1923,98 99,0 1,2335,5,[1 0],1612123039.577,Sun Jan 31 2021 13:57:19 GMT-0600 (Central Standard Time),0
A,A1IFIK8J49WBER,1843977147389,6,train,1,[1 0],[0 1],1 2 3,3,1 1,[0 2];[0 3],2 3,407 2210,98 99,0 1,2617,5,[1 0],1612123045.426,Sun Jan 31 2021 13:57:25 GMT-0600 (Central Standard Time),0
A,A1IFIK8J49WBER,1843977147389,6,train,1,[0 1],[1 0],1 2 3,3,2 3,[1 0];[4 0],1 4,407 2216,97 97,0 1,2623,5,[1 0],1612123051.041,Sun Jan 31 2021 13:57:31 GMT-0600 (Central Standard Time),0
A,A1IFIK8J49WBER,1843977147389,6,train,1,[0 1],[1 0],1 2 3,3,2 3,[1 0];[4 0],1 4,339 1971,97 97,0 1,2310,5,[1 0],1612123056.347,Sun Jan 31 2021 13:57:36 GMT-0600 (Central Standard Time),0
A,A1IFIK8J49WBER,1843977147389,6,train,1,[0 1],[1 0],1 2 3,3,2 3,[1 0];[4 0],1 4,418 2585,97 97,0 1,3003,5,[1 0],1612123062.343,Sun Jan 31 2021 13:57:42 GMT-0600 (Central Standard Time),0
A,A1IFIK8J49WBER,1843977147389,6,train,1,[0 1],[1 0],1 2 3,3,2 3,[1 0];[4 0],1 4,352 2469,97 97,0 1,2821,5,[1 0],1612123068.898,Sun Jan 31 2021 13:57:48 GMT-0600 (Central Standard Time),0
A,A1IFIK8J49WBER,1843977147389,6,train,1,[1 0],[0 1],1 2 3,3,1 1,[0 2];[0 3],2 3,374 2647,98 99,0 1,3021,5,[1 0],1612123075.66,Sun Jan 31 2021 13:57:55 GMT-0600 (Central Standard Time),0
A,A1IFIK8J49WBER,1843977147389,6,train,1,[0 1],[1 0],1 2 3,3,2 3,[1 0];[4 0],1 4,377 2264,97 97,0 1,2641,5,[1 0],1612123081.972,Sun Jan 31 2021 13:58:01 GMT-0600 (Central Standard Time),0
A,A1IFIK8J49WBER,1843977147389,6,train,1,[1 0],[0 1],1 2 3,3,1 1,[0 2];[0 3],2 3,334 1882,98 99,0 1,2216,5,[1 0],1612123087.193,Sun Jan 31 2021 13:58:07 GMT-0600 (Central Standard Time),0
A,A1IFIK8J49WBER,1843977147389,6,test,1,[1 1],[1 1],1 2 3,3,1 2,[0 2];[3 2],2 5,447 2000,98 98,0 1,2447,7,[1 0],1612123095.004,Sun Jan 31 2021 13:58:15 GMT-0600 (Central Standard Time),0
A,A1IFIK8J49WBER,1843977147389,7,train,1,[1 0],[1 0],1 2 3,3,1 2,[2 0];[2 3],2 2,611 3225,98 98,0 1,3836,4,[0 1],1612123106.393,Sun Jan 31 2021 13:58:26 GMT-0600 (Central Standard Time),0
A,A1IFIK8J49WBER,1843977147389,7,train,1,[0 1],[0 1],1 2 3,3,2 1,[0 1];[3 0],1 0,450 2132,97 97,0 1,2582,1,[0 1],1612123113.975,Sun Jan 31 2021 13:58:33 GMT-0600 (Central Standard Time),0
A,A1IFIK8J49WBER,1843977147389,7,train,1,[0 1],[0 1],1 2 3,3,2 3,[0 1];[0 4],1 4,705 1840,97 99,0 1,2545,5,[0 1],1612123120.253,Sun Jan 31 2021 13:58:40 GMT-0600 (Central Standard Time),0
A,A1IFIK8J49WBER,1843977147389,7,train,1,[1 0],[1 0],1 2 3,3,1 1,[2 0];[3 0],2 3,473 1922,98 97,0 1,2395,5,[0 1],1612123126.343,Sun Jan 31 2021 13:58:46 GMT-0600 (Central Standard Time),0
A,A1IFIK8J49WBER,1843977147389,7,train,1,[1 0],[1 0],1 2 3,3,1 1,[2 0];[3 0],2 3,511 2101,98 97,0 1,2612,5,[0 1],1612123131.709,Sun Jan 31 2021 13:58:51 GMT-0600 (Central Standard Time),0
A,A1IFIK8J49WBER,1843977147389,7,train,1,[0 1],[0 1],1 2 3,3,2 3,[0 1];[0 4],1 4,5487 3898,97 99,0 1,9385,5,[0 1],1612123144.269,Sun Jan 31 2021 13:59:04 GMT-0600 (Central Standard Time),0
A,A1IFIK8J49WBER,1843977147389,7,train,1,[1 0],[1 0],1 2 3,3,1 1,[2 0];[3 0],2 3,601 1903,98 97,0 1,2504,5,[0 1],1612123149.738,Sun Jan 31 2021 13:59:09 GMT-0600 (Central Standard Time),0
A,A1IFIK8J49WBER,1843977147389,7,train,1,[1 0],[1 0],1 2 3,3,1 1,[2 0];[3 0],2 3,513 2144,98 97,0 1,2657,5,[0 1],1612123155.396,Sun Jan 31 2021 13:59:15 GMT-0600 (Central Standard Time),0
A,A1IFIK8J49WBER,1843977147389,7,train,1,[0 1],[0 1],1 2 3,3,2 3,[0 1];[0 4],1 4,712 2174,97 99,0 1,2886,5,[0 1],1612123162.399,Sun Jan 31 2021 13:59:22 GMT-0600 (Central Standard Time),0
A,A1IFIK8J49WBER,1843977147389,7,train,1,[1 0],[1 0],1 2 3,3,1 1,[2 0];[3 0],2 3,436 2069,98 97,0 1,2505,5,[0 1],1612123167.422,Sun Jan 31 2021 13:59:27 GMT-0600 (Central Standard Time),0
A,A1IFIK8J49WBER,1843977147389,7,train,1,[0 1],[0 1],1 2 3,3,2 3,[0 1];[0 4],1 4,973 1877,97 99,0 1,2850,5,[0 1],1612123173.582,Sun Jan 31 2021 13:59:33 GMT-0600 (Central Standard Time),0
A,A1IFIK8J49WBER,1843977147389,7,train,1,[1 0],[1 0],1 2 3,3,1 1,[2 0];[3 0],2 3,1168 1991,98 97,0 1,3159,5,[0 1],1612123179.529,Sun Jan 31 2021 13:59:39 GMT-0600 (Central Standard Time),0
A,A1IFIK8J49WBER,1843977147389,7,train,1,[0 1],[0 1],1 2 3,3,2 3,[0 1];[0 4],1 4,1150 1864,97 99,0 1,3014,5,[0 1],1612123185.295,Sun Jan 31 2021 13:59:45 GMT-0600 (Central Standard Time),0
A,A1IFIK8J49WBER,1843977147389,7,train,1,[1 0],[1 0],1 2 3,3,1 1,[2 0];[3 0],2 3,813 2190,98 97,0 1,3003,5,[0 1],1612123191.47,Sun Jan 31 2021 13:59:51 GMT-0600 (Central Standard Time),0
A,A1IFIK8J49WBER,1843977147389,7,train,1,[0 1],[0 1],1 2 3,3,2 3,[0 1];[0 4],1 4,587 1961,97 99,0 1,2548,5,[0 1],1612123197.403,Sun Jan 31 2021 13:59:57 GMT-0600 (Central Standard Time),0
A,A1IFIK8J49WBER,1843977147389,7,train,1,[1 0],[1 0],1 2 3,3,1 1,[2 0];[3 0],2 3,389 2082,98 97,0 1,2471,5,[0 1],1612123203.148,Sun Jan 31 2021 14:00:03 GMT-0600 (Central Standard Time),0
A,A1IFIK8J49WBER,1843977147389,7,train,1,[1 0],[1 0],1 2 3,3,1 1,[2 0];[3 0],2 3,376 1850,98 97,0 1,2226,5,[0 1],1612123208.156,Sun Jan 31 2021 14:00:08 GMT-0600 (Central Standard Time),0
A,A1IFIK8J49WBER,1843977147389,7,train,1,[0 1],[0 1],1 2 3,3,2 3,[0 1];[0 4],1 4,396 2862,97 99,0 1,3258,5,[0 1],1612123214.853,Sun Jan 31 2021 14:00:14 GMT-0600 (Central Standard Time),0
A,A1IFIK8J49WBER,1843977147389,7,train,1,[0 1],[0 1],1 2 3,3,2 3,[0 1];[0 4],1 4,417 1916,97 99,0 1,2333,5,[0 1],1612123220.421,Sun Jan 31 2021 14:00:20 GMT-0600 (Central Standard Time),0
A,A1IFIK8J49WBER,1843977147389,7,train,1,[0 1],[0 1],1 2 3,3,2 3,[0 1];[0 4],1 4,401 2344,97 99,0 1,2745,5,[0 1],1612123226.408,Sun Jan 31 2021 14:00:26 GMT-0600 (Central Standard Time),0
A,A1IFIK8J49WBER,1843977147389,7,test,1,[1 1],[1 1],1 2 3,3,1 2,[2 0];[2 3],2 5,463 2528,98 98,0 1,2991,7,[0 1],1612123235.181,Sun Jan 31 2021 14:00:35 GMT-0600 (Central Standard Time),0
A,A1IFIK8J49WBER,1843977147389,8,train,1,[1 0],[0 1],1 2 3,3,2 1,[1 0];[0 3],0 3,1212 4073,97 99,0 1,5285,3,[1 0],1612123247.555,Sun Jan 31 2021 14:00:47 GMT-0600 (Central Standard Time),0
A,A1IFIK8J49WBER,1843977147389,8,train,1,[1 0],[0 1],1 2 3,3,1 1,[0 2];[0 3],2 3,484 2025,98 99,0 1,2509,5,[1 0],1612123253.098,Sun Jan 31 2021 14:00:53 GMT-0600 (Central Standard Time),0
A,A1IFIK8J49WBER,1843977147389,8,train,1,[1 0],[0 1],1 2 3,3,1 1,[0 2];[0 3],2 3,697 2001,98 99,0 1,2698,5,[1 0],1612123259.086,Sun Jan 31 2021 14:00:59 GMT-0600 (Central Standard Time),0
A,A1IFIK8J49WBER,1843977147389,8,train,1,[0 1],[1 0],1 2 3,3,2 3,[1 0];[4 0],1 4,356 2771,97 98,0 1,3127,5,[1 0],1612123267.036,Sun Jan 31 2021 14:01:07 GMT-0600 (Central Standard Time),0
A,A1IFIK8J49WBER,1843977147389,8,train,1,[1 0],[0 1],1 2 3,3,1 1,[0 2];[0 3],2 3,740 2217,98 99,0 1,2957,5,[1 0],1612123274.478,Sun Jan 31 2021 14:01:14 GMT-0600 (Central Standard Time),0
A,A1IFIK8J49WBER,1843977147389,8,train,1,[1 0],[0 1],1 2 3,3,1 1,[0 2];[0 3],2 3,522 1885,98 99,0 1,2407,5,[1 0],1612123279.913,Sun Jan 31 2021 14:01:19 GMT-0600 (Central Standard Time),0
A,A1IFIK8J49WBER,1843977147389,8,train,1,[1 0],[0 1],1 2 3,3,1 1,[0 2];[0 3],2 3,354 1872,98 99,0 1,2226,5,[1 0],1612123285.902,Sun Jan 31 2021 14:01:25 GMT-0600 (Central Standard Time),0
A,A1IFIK8J49WBER,1843977147389,8,train,1,[0 1],[1 0],1 2 3,3,2 3,[1 0];[4 0],1 4,434 2353,97 98,0 1,2787,5,[1 0],1612123292.205,Sun Jan 31 2021 14:01:32 GMT-0600 (Central Standard Time),0
A,A1IFIK8J49WBER,1843977147389,8,train,1,[1 0],[0 1],1 2 3,3,1 1,[0 2];[0 3],2 3,413 1940,98 99,0 1,2353,5,[1 0],1612123297.737,Sun Jan 31 2021 14:01:37 GMT-0600 (Central Standard Time),0
A,A1IFIK8J49WBER,1843977147389,8,train,1,[0 1],[1 0],1 2 3,3,2 3,[1 0];[4 0],1 4,464 2376,97 98,0 1,2840,5,[1 0],1612123304.241,Sun Jan 31 2021 14:01:44 GMT-0600 (Central Standard Time),0
A,A1IFIK8J49WBER,1843977147389,8,train,1,[0 1],[1 0],1 2 3,3,2 3,[1 0];[4 0],1 4,462 2063,97 98,0 1,2525,5,[1 0],1612123309.827,Sun Jan 31 2021 14:01:49 GMT-0600 (Central Standard Time),0
A,A1IFIK8J49WBER,1843977147389,8,train,1,[0 1],[1 0],1 2 3,3,2 3,[1 0];[4 0],1 4,405 2129,97 98,0 1,2534,5,[1 0],1612123315.696,Sun Jan 31 2021 14:01:55 GMT-0600 (Central Standard Time),0
A,A1IFIK8J49WBER,1843977147389,8,train,1,[1 0],[0 1],1 2 3,3,1 1,[0 2];[0 3],2 3,360 1841,98 99,0 1,2201,5,[1 0],1612123322.235,Sun Jan 31 2021 14:02:02 GMT-0600 (Central Standard Time),0
A,A1IFIK8J49WBER,1843977147389,8,train,1,[0 1],[1 0],1 2 3,3,2 3,[1 0];[4 0],1 4,447 1881,97 98,0 1,2328,5,[1 0],1612123327.641,Sun Jan 31 2021 14:02:07 GMT-0600 (Central Standard Time),0
A,A1IFIK8J49WBER,1843977147389,8,train,1,[0 1],[1 0],1 2 3,3,2 3,[1 0];[4 0],1 4,371 2271,97 98,0 1,2642,5,[1 0],1612123333.33,Sun Jan 31 2021 14:02:13 GMT-0600 (Central Standard Time),0
A,A1IFIK8J49WBER,1843977147389,8,train,1,[1 0],[0 1],1 2 3,3,1 1,[0 2];[0 3],2 3,488 1883,98 99,0 1,2371,5,[1 0],1612123338.878,Sun Jan 31 2021 14:02:18 GMT-0600 (Central Standard Time),0
A,A1IFIK8J49WBER,1843977147389,8,train,1,[0 1],[1 0],1 2 3,3,2 3,[1 0];[4 0],1 4,392 1865,97 98,0 1,2257,5,[1 0],1612123343.949,Sun Jan 31 2021 14:02:23 GMT-0600 (Central Standard Time),0
A,A1IFIK8J49WBER,1843977147389,8,train,1,[0 1],[1 0],1 2 3,3,2 3,[1 0];[4 0],1 4,390 2082,97 98,0 1,2472,5,[1 0],1612123349.963,Sun Jan 31 2021 14:02:29 GMT-0600 (Central Standard Time),0
A,A1IFIK8J49WBER,1843977147389,8,train,1,[1 0],[0 1],1 2 3,3,1 1,[0 2];[0 3],2 3,403 2004,98 99,0 1,2407,5,[1 0],1612123355.447,Sun Jan 31 2021 14:02:35 GMT-0600 (Central Standard Time),0
A,A1IFIK8J49WBER,1843977147389,8,train,1,[0 1],[1 0],1 2 3,3,2 3,[1 0];[4 0],1 4,324 2233,97 98,0 1,2557,5,[1 0],1612123361.314,Sun Jan 31 2021 14:02:41 GMT-0600 (Central Standard Time),0
A,A1IFIK8J49WBER,1843977147389,8,test,1,[1 1],[1 1],1 2 3,3,1 2,[0 2];[3 2],2 5,463 1998,98 97,0 1,2461,7,[1 0],1612123369.019,Sun Jan 31 2021 14:02:49 GMT-0600 (Central Standard Time),0
A,A1IFIK8J49WBER,1843977147389,9,train,1,[1 0],[0 1],1 2 3,3,2 2,[1 0];[3 2],0 2,498 4669,97 98,0 1,5167,2,[1 0],1612123380.427,Sun Jan 31 2021 14:03:00 GMT-0600 (Central Standard Time),0
A,A1IFIK8J49WBER,1843977147389,9,train,1,[0 1],[1 0],1 2 3,3,2 1,[1 0];[0 3],1 0,443 2320,97 99,0 1,2763,1,[1 0],1612123386.958,Sun Jan 31 2021 14:03:06 GMT-0600 (Central Standard Time),0
A,A1IFIK8J49WBER,1843977147389,9,train,1,[1 0],[0 1],1 2 3,3,1 1,[0 2];[0 3],2 3,607 2001,98 99,0 1,2608,5,[1 0],1612123393.447,Sun Jan 31 2021 14:03:13 GMT-0600 (Central Standard Time),0
A,A1IFIK8J49WBER,1843977147389,9,train,1,[1 0],[0 1],1 2 3,3,1 1,[0 2];[0 3],2 3,506 1949,98 99,0 1,2455,5,[1 0],1612123398.924,Sun Jan 31 2021 14:03:18 GMT-0600 (Central Standard Time),0
A,A1IFIK8J49WBER,1843977147389,9,train,1,[0 1],[1 0],1 2 3,3,2 3,[1 0];[4 0],1 4,439 2038,97 97,0 1,2477,5,[1 0],1612123404.651,Sun Jan 31 2021 14:03:24 GMT-0600 (Central Standard Time),0
A,A1IFIK8J49WBER,1843977147389,9,train,1,[0 1],[1 0],1 2 3,3,2 3,[1 0];[4 0],1 4,367 1918,97 97,0 1,2285,5,[1 0],1612123409.838,Sun Jan 31 2021 14:03:29 GMT-0600 (Central Standard Time),0
A,A1IFIK8J49WBER,1843977147389,9,train,1,[1 0],[0 1],1 2 3,3,1 1,[0 2];[0 3],2 3,395 6137,98 99,0 1,6532,5,[1 0],1612123421.62,Sun Jan 31 2021 14:03:41 GMT-0600 (Central Standard Time),0
A,A1IFIK8J49WBER,1843977147389,9,train,1,[1 0],[0 1],1 2 3,3,1 1,[0 2];[0 3],2 3,403 2335,98 99,0 1,2738,5,[1 0],1612123427.488,Sun Jan 31 2021 14:03:47 GMT-0600 (Central Standard Time),0
A,A1IFIK8J49WBER,1843977147389,9,train,1,[0 1],[1 0],1 2 3,3,2 3,[1 0];[4 0],1 4,403 2450,97 97,0 1,2853,5,[1 0],1612123433.657,Sun Jan 31 2021 14:03:53 GMT-0600 (Central Standard Time),0
A,A1IFIK8J49WBER,1843977147389,9,train,1,[1 0],[0 1],1 2 3,3,1 1,[0 2];[0 3],2 3,420 1923,98 99,0 1,2343,5,[1 0],1612123438.95,Sun Jan 31 2021 14:03:58 GMT-0600 (Central Standard Time),0
A,A1IFIK8J49WBER,1843977147389,9,train,1,[0 1],[1 0],1 2 3,3,2 3,[1 0];[4 0],1 4,359 1845,97 97,0 1,2204,5,[1 0],1612123444.665,Sun Jan 31 2021 14:04:04 GMT-0600 (Central Standard Time),0
A,A1IFIK8J49WBER,1843977147389,9,train,1,[0 1],[1 0],1 2 3,3,2 3,[1 0];[4 0],1 4,376 2214,97 97,0 1,2590,5,[1 0],1612123450.781,Sun Jan 31 2021 14:04:10 GMT-0600 (Central Standard Time),0
A,A1IFIK8J49WBER,1843977147389,9,train,1,[0 1],[1 0],1 2 3,3,2 3,[1 0];[4 0],1 4,336 2116,97 97,0 1,2452,5,[1 0],1612123456.262,Sun Jan 31 2021 14:04:16 GMT-0600 (Central Standard Time),0
A,A1IFIK8J49WBER,1843977147389,9,train,1,[1 0],[0 1],1 2 3,3,1 1,[0 2];[0 3],2 3,415 2428,98 99,0 1,2843,5,[1 0],1612123462.17,Sun Jan 31 2021 14:04:22 GMT-0600 (Central Standard Time),0
A,A1IFIK8J49WBER,1843977147389,9,train,1,[1 0],[0 1],1 2 3,3,1 1,[0 2];[0 3],2 3,325 2223,98 99,0 1,2548,5,[1 0],1612123468.389,Sun Jan 31 2021 14:04:28 GMT-0600 (Central Standard Time),0
A,A1IFIK8J49WBER,1843977147389,9,train,1,[1 0],[0 1],1 2 3,3,1 1,[0 2];[0 3],2 3,332 2232,98 99,0 1,2564,5,[1 0],1612123474.26,Sun Jan 31 2021 14:04:34 GMT-0600 (Central Standard Time),0
A,A1IFIK8J49WBER,1843977147389,9,train,1,[1 0],[0 1],1 2 3,3,1 1,[0 2];[0 3],2 3,320 2081,98 99,0 1,2401,5,[1 0],1612123480.24,Sun Jan 31 2021 14:04:40 GMT-0600 (Central Standard Time),0
A,A1IFIK8J49WBER,1843977147389,9,train,1,[0 1],[1 0],1 2 3,3,2 3,[1 0];[4 0],1 4,319 2682,97 97,0 1,3001,5,[1 0],1612123487.041,Sun Jan 31 2021 14:04:47 GMT-0600 (Central Standard Time),0
A,A1IFIK8J49WBER,1843977147389,9,train,1,[0 1],[1 0],1 2 3,3,2 3,[1 0];[4 0],1 4,313 1901,97 97,0 1,2214,5,[1 0],1612123492.844,Sun Jan 31 2021 14:04:52 GMT-0600 (Central Standard Time),0
A,A1IFIK8J49WBER,1843977147389,9,train,1,[0 1],[1 0],1 2 3,3,2 3,[1 0];[4 0],1 4,336 2220,97 97,0 1,2556,5,[1 0],1612123498.216,Sun Jan 31 2021 14:04:58 GMT-0600 (Central Standard Time),0
A,A1IFIK8J49WBER,1843977147389,9,test,1,[1 1],[1 1],1 2 3,3,1 2,[0 2];[3 2],2 5,654 2061,98 98,0 1,2715,7,[1 0],1612123506.441,Sun Jan 31 2021 14:05:06 GMT-0600 (Central Standard Time),0
